username,email,password
ptudor0,aolifard0@lycos.com,TTTXJo
hrolph1,pspeer1@ovh.net,42U0VoHKHT
lharvard2,elarway2@tripod.com,mIP9Z73ghBq
slongina3,oforbes3@globo.com,gDDba8N15
gwands4,epurry4@oaic.gov.au,wXuxhUU
mmasters5,oeasseby5@macromedia.com,I86QCGU62Ch
dharriott6,gnisen6@about.com,VQeIijP1g8ya
cpierton7,mmaulkin7@sfgate.com,Sg4y2Jm52f8
fbonnaire8,mmartill8@51.la,927agW
pebunoluwa9,tstace9@comcast.net,HtE0KI6hR
uyouda,gshakespearea@deviantart.com,ztry5E9S
ajarmynb,ldarrelb@marketwatch.com,JsLRln5
eviveashc,ubischopc@delicious.com,Up3kHPE6
gsavind,cwallerd@noaa.gov,DBKFhza
dtodarinie,mbosomworthe@addthis.com,vsmbbQGlbr
aizakf,lwaszczykf@redcross.org,tV3gr9L4RD
mcanningg,sadamseng@huffingtonpost.com,gbI9dkULpsq
smonkmanh,gbenith@msu.edu,Jkh0Fs17TL
gvillai,etimsoni@webnode.com,Cf3TRhOlZr
mwabbj,khalletj@yale.edu,6GlKKtzv1
bwhottonk,lbacksalk@wisc.edu,GNAf8c
tkohnertl,icourtoisl@dailymotion.com,EsR2Ae
vguswellm,granklinm@linkedin.com,G4GUZIG6VFP
cmateescun,theathfieldn@liveinternet.ru,Qb2T5rFGJis
btroyo,rmarqueto@imageshack.us,HEQvnl4Iuc
hbischoffp,fcraftp@blogtalkradio.com,hsxeMLXANDqP
bmcnicolq,kdavallq@fotki.com,Dw14xUUQW9vB
eshelmerdiner,ibeddowsr@prlog.org,tuI6jQ9Ufyh
fgarattys,mhammetts@bbc.co.uk,NXPq2Z2QKjuN
smcffadent,tgannt@blogger.com,4O4Yn7BODV
mpaolucciu,hgenningsu@ucoz.com,tKoStpUYYH
rbenbrickv,msawyersv@tripadvisor.com,43QRvYy4V53s
ablainew,kfensomew@washingtonpost.com,zUIgvNvM37G
ssewardsx,bbadgersx@about.me,1ofv9MqUXY
idrengy,cpenhaligony@stumbleupon.com,Fsmbmnzn
wdjekovicz,fmeininkingz@hc360.com,thzbepqKiB
bquittonden10,rquaif10@quantcast.com,l4xjVjeM4lUj
hwyles11,bpapen11@feedburner.com,epIQTXD3G
tdillimore12,sstanbrooke12@vkontakte.ru,4iXa9PQdqpN
hhiddsley13,owitz13@usatoday.com,p3ZUokD7r
gstearn14,amilhench14@blog.com,tENKH0r
kallchorne15,mfillary15@multiply.com,ffB9Xk9DC1p
ajamme16,odeleon16@dailymotion.com,zsOVrsQE68rG
cbrowett17,mcreboe17@xinhuanet.com,SgZaq7MkK7n
pbruntjen18,bkenaway18@hexun.com,dETJa9Iil9
semblem19,tjobbings19@skype.com,nOVoDt
acawson1a,vwidd1a@squarespace.com,Kdy2WYq
rgarlicke1b,twoodham1b@people.com.cn,RmcUducIb
mdomini1c,nthunnerclef1c@weather.com,GhojNBk0ZBc
mfulton1d,kzavattari1d@wisc.edu,fhKjasPXT4a
bsenechault1e,cpidcock1e@bloomberg.com,BskMtUaI1Ovn
akraft1f,kbudgen1f@networksolutions.com,pXeMeSNXM
jlangwade1g,hboland1g@php.net,JFQaGOSaK9
bgrindlay1h,ntibbles1h@techcrunch.com,TTP7YGWVm
ygravey1i,mshipcott1i@live.com,yAywqI6H
cmarsters1j,mcopo1j@godaddy.com,NFzhrTfKVR
dhawkeridge1k,aveque1k@oaic.gov.au,c9fWko
cstook1l,lbier1l@barnesandnoble.com,PgYpUTdFBbth
iprowse1m,navramovic1m@wunderground.com,pPzyDTsi
sealam1n,palishoner1n@china.com.cn,5C9xOGIXh
tsebyer1o,lmarcq1o@illinois.edu,RWskqEm5
glisle1p,lkinavan1p@europa.eu,6ur2kG9el
rarnoult1q,agilstoun1q@people.com.cn,cyh4MlzOTe
lpaley1r,dgiroldo1r@4shared.com,MxavB7SNrXp
sdunican1s,mgiddins1s@google.fr,VHbeXKJ
lgaggen1t,pstuehmeyer1t@dedecms.com,Gbv6fBOfe
squeenborough1u,nmealiffe1u@behance.net,Hx8hEfy9
tdevonald1v,djirka1v@huffingtonpost.com,3CiEJVN
jlillistone1w,cbonny1w@mysql.com,1uiZKk1
cmaddinon1x,ewhelpton1x@tmall.com,C3gI8OJBM
cspearing1y,eivashinnikov1y@auda.org.au,LYO12okYeE
rstairs1z,ntreagust1z@wunderground.com,fZpImVN
gvasnetsov20,kmartinez20@wikispaces.com,qpwDneKfq6
rruben21,bmaus21@mayoclinic.com,VPOOPIz
pedmed22,moakenfield22@friendfeed.com,SU3HVA3
lwasylkiewicz23,dbeller23@reverbnation.com,AOmGUqEPv0B
bpendred24,nwoodeson24@fema.gov,uzUhDpCE5FG
cgard25,asollime25@time.com,n2e1wjzw
dmacy26,bmaggiore26@latimes.com,SzTv3MnY
cabade27,alangdon27@indiegogo.com,hqjAGB
cmitrovic28,wboddis28@ucoz.com,WFyi9a58f
gbrennan29,ksivier29@instagram.com,Gr4qWm
adahlman2a,zparell2a@usda.gov,fv0xfyD4j
mtreppas2b,mpitts2b@sbwire.com,nHqAmzK
kturk2c,ovittel2c@macromedia.com,BhVXEy
ameggison2d,mmarfield2d@bbc.co.uk,g2q9rex
aick2e,mthomason2e@godaddy.com,3M4bfz
jfitkin2f,odarter2f@wiley.com,ek4UJl
amorsley2g,bdalling2g@ftc.gov,sbzmr3H18v7N
ghayball2h,elowmass2h@ucoz.com,YGiSZzgy
lstarkie2i,eohanlon2i@skype.com,AVME6hT
lgittins2j,hperche2j@nymag.com,BduoMHnRZ
jwallwood2k,mtrorey2k@xinhuanet.com,ROm6JEE
hmartensen2l,bolech2l@dell.com,TX1APC3fQT5
jbart2m,srapinett2m@opera.com,dCTYK6
nedon2n,gdellcasa2n@feedburner.com,Hajn7qWy
kbrede2o,stipton2o@gnu.org,BW8zJ9Q4mYz
dmccrostie2p,dskeath2p@over-blog.com,mC6VnZlZB
aginnety2q,geaglestone2q@topsy.com,XyBjKL
vbutton2r,cleverette2r@arstechnica.com,YbAx6xje
kpengelly2s,sshillam2s@mozilla.org,DHh1VyVq
nchick2t,jpeeters2t@redcross.org,muOLqiNJQWwn
jdodd2u,sduker2u@nymag.com,RaWaty
crahl2v,wpenylton2v@adobe.com,2RHimThZ
smatz2w,abass2w@vistaprint.com,rm1iUP9GTs
hdingsdale2x,aagass2x@exblog.jp,fvBsxhMgle
asennett2y,atokell2y@cpanel.net,whed1AUb7
cbuyers2z,cburbudge2z@github.com,23bWqe
nworvell30,kmeriott30@spotify.com,sDKXyr8BkeK
svanichkov31,mscarfe31@uol.com.br,1CNXQoRKO
rleiden32,mdallinder32@scientificamerican.com,16MylCwyBf
rrhucroft33,ddaguanno33@pcworld.com,UFVPuc
zneagle34,rbrasher34@loc.gov,KCarP37r8DD
wollive35,wwrench35@yandex.ru,8uj4Szouo9XN
tjotham36,rdouce36@baidu.com,N8LOiBL7b
mstacy37,bohickey37@1688.com,vkSwFfN
joats38,cchastagnier38@cdc.gov,FUq4Rdt
ncouling39,fstainland39@wsj.com,uICruj
bcruise3a,btrever3a@amazon.com,JiInTVLPIu
akillerby3b,tdefrancesco3b@auda.org.au,t6pb70nFX3
hspaight3c,apriddle3c@nhs.uk,6VMgJxittXSD
mvedyashkin3d,mcaverhill3d@census.gov,r6z1EIfGQC4U
fdurnell3e,kantill3e@hao123.com,VB95SMTUnOC
lnern3f,jjerrard3f@addthis.com,nJCg55DL
hnevet3g,tbullard3g@walmart.com,UNX4kR
cautrie3h,emcclintock3h@about.com,jdT4nDrCz6Am
mmathwin3i,acrock3i@weibo.com,f8vLEd
wmarieton3j,bmillsom3j@purevolume.com,P5iWzC
arichen3k,kculy3k@simplemachines.org,YRtf7iZB
wbawle3l,mpetrillo3l@devhub.com,uAtTliPtE3EG
lcrickmer3m,jorr3m@craigslist.org,mVrVq4vWVw
kreen3n,tredfern3n@si.edu,SM9tu5PI
scapewell3o,mleet3o@parallels.com,DERTIemTIr6p
tbumford3p,dcastel3p@tumblr.com,HNlP6w5ND
kmclice3q,gfenix3q@cargocollective.com,azl1vMCb
rcanet3r,kstansby3r@printfriendly.com,PGJR62CKlx
bjoyson3s,kwillox3s@php.net,kLvslFURWzI
lspensley3t,gsprowle3t@un.org,5jhF0r7
rwashtell3u,jlermit3u@etsy.com,HJw0X64
pblenkinship3v,wfawdrie3v@furl.net,8evz48YZo
nweekly3w,mellam3w@walmart.com,4nXWQPD
zguise3x,rshewon3x@typepad.com,mbdOUcv
heade3y,dhewell3y@walmart.com,1Q6sgxcyn
godooghaine3z,scoaten3z@edublogs.org,yP3AekBGihxm
ctuson40,ihuncoot40@desdev.cn,BhLWMMob
mparysiak41,cpidgeon41@delicious.com,syGizu
mutridge42,cimm42@netlog.com,LlNSITmBzZR
santonietti43,vpicard43@google.cn,5SwDxESzB
cdingivan44,cjordanson44@youtu.be,Zum1Vu6Aw
marntzen45,rverlinden45@businessinsider.com,ycyPCEZtlHF
qbeddard46,agitthouse46@wufoo.com,NUuo3V
adesantis47,mbasford47@canalblog.com,noXo3KvU
dpyser48,glewcock48@imgur.com,bsssJuGRei
acrummey49,gtudhope49@salon.com,yYc7pNq37TY
tdenrico4a,rscreen4a@sogou.com,b1W0hWKjmzOk
pweich4b,nfollis4b@state.gov,2CdNlN
bmclay4c,jcasarino4c@opensource.org,zhT8jUIh
fcleife4d,epitherick4d@imgur.com,QIZSn5Ox
abott4e,sexley4e@economist.com,mL0h3MNDepQ
cbiggs4f,tpic4f@alexa.com,EGQbtl
jhullins4g,cbrennans4g@phoca.cz,yK03oLv
jgajewski4h,bpetticrow4h@imageshack.us,y5LMM8v
tamis4i,hnorthridge4i@washington.edu,t2lotw59Eo
fpoinsett4j,tgerb4j@berkeley.edu,LqmUit
omoland4k,dfierro4k@businesswire.com,pOG2tW9llCC
calentyev4l,cbarr4l@i2i.jp,JYngDPtR2p2j
hsayre4m,nroelofs4m@last.fm,FvqQ2hytb2
jioselev4n,kespinazo4n@ycombinator.com,ZCDZtyGb7k
dgalton4o,bmidgely4o@bing.com,FTkK4KW
lorange4p,fweepers4p@1688.com,EaWw2ZfgL2NV
alaudham4q,dcolliber4q@dyndns.org,VkLwy5
ebloschke4r,cboud4r@opera.com,Sc27OV
tblagdon4s,njohanssen4s@taobao.com,7jafpdRl
sabdey4t,ayellop4t@ca.gov,JLv2syJWw7k
akahane4u,bdebruyn4u@bravesites.com,24klU0SOI
hkears4v,abooty4v@unicef.org,IoIl8d8e76s
capark4w,tduesberry4w@marketwatch.com,ysmJkL8g
ldifranceschi4x,enapoli4x@washingtonpost.com,f24GTJNYiZ
bgiddings4y,ajoicey4y@blogs.com,EGuPoingKt
dcornill4z,rlimbert4z@paginegialle.it,VUh2CPR77e
skrinks50,lrimmington50@bloglovin.com,uchPjxw4GMH
eivankov51,sdring51@google.nl,uS1g7n44QfPM
tsweetmore52,mmeaddowcroft52@1und1.de,1W2FQaF8BH
tblaskett53,rdelaperrelle53@ovh.net,thcJ7wJ
kalexander54,lpeirce54@mac.com,2CPW8X3Xvu
rriolfo55,dgreenhead55@qq.com,hMO3DJoLsZ
kjeffery56,vwilcockes56@marriott.com,InGQGwF74r
ploan57,afahy57@opensource.org,lcXeQ2F
evandenbosch58,wkaman58@blog.com,aXC0id
rstandfield59,ehearsey59@reference.com,PjdZ0sade
cbeed5a,srymmer5a@mediafire.com,aRsK2tHk
hgarthside5b,bkeen5b@amazon.co.jp,sVF70I
scoleshill5c,rkondratowicz5c@gravatar.com,Sll73Yw9
alukasik5d,dcoultous5d@shinystat.com,m1eX6XefmOJQ
jgrogan5e,mjochanany5e@sciencedirect.com,L2TPSd7
shackett5f,vleving5f@ehow.com,DxY1Gp
cpoznan5g,fcasacchia5g@goo.gl,AtxTH1
waleixo5h,cgritton5h@businessinsider.com,5vyOmTD
pdaburn5i,wbickle5i@wikispaces.com,A91h0NVhsn
brobertz5j,ncokayne5j@amazon.de,rtEIkNVTIn
nbenbow5k,kdoxsey5k@twitpic.com,UywV3HyNl8
rdenham5l,hmcbayne5l@nymag.com,wn19NSy
ddunbabin5m,gmowsdell5m@toplist.cz,sVjNImh2p
mwharfe5n,dlarmour5n@howstuffworks.com,Ees9q7PdnNFh
ltomeo5o,alaneham5o@devhub.com,r7MU0Q2
dtiddeman5p,aspurryer5p@technorati.com,vDScN43xd
ckybird5q,svideler5q@ftc.gov,LtaFT507
rwhybrow5r,tstanford5r@moonfruit.com,TzGVnj6lfHC
smeijer5s,imarxsen5s@ibm.com,VXIBCk1
henstone5t,dsouttar5t@zdnet.com,GjyfG2GKhc
ssoppit5u,ahalpine5u@de.vu,YAE0ClSLX1EV
rfeaveryear5v,dleyland5v@who.int,bfiVxu
churtado5w,abeckers5w@twitter.com,fLXJmmwHin
hbaldocci5x,vmckleod5x@github.com,0sDDOKd
hkoba5y,sryal5y@bravesites.com,gWeDdmcq5Tuw
mwoltman5z,gjennrich5z@naver.com,6cTPXGU
cstoyles60,mtuckey60@virginia.edu,nk1jt7
jwestby61,gmacdonogh61@flavors.me,y195yBNkGnEj
scosh62,dbernhardt62@godaddy.com,GVpqAMqjS
cditzel63,elamprey63@who.int,cqKaRmSMhnkM
sbilofsky64,tlimbrick64@washington.edu,4dnIkvVei
dbreukelman65,sloren65@histats.com,ZKxrjwKfGQGa
bsemour66,ksoaper66@epa.gov,S89JskQm4Ce
sclethro67,lpell67@google.com.au,n4FVXmqNpxNU
ariddiford68,gblodgett68@cbsnews.com,HEw1moQ4QfdP
jbreston69,tsherer69@spotify.com,PxpZgQ
fbrummell6a,apetraitis6a@clickbank.net,GzIx0pWBMf
lburroughes6b,msapena6b@fc2.com,HU4bKh4xBXU
gcurless6c,cvivien6c@msn.com,WPuBxzBXc8M
vtassel6d,bscamadin6d@howstuffworks.com,tS5JD7eHNHv
tmuglestone6e,sosman6e@mysql.com,OhjgCj
ishoveller6f,rkremer6f@springer.com,Fksf8k5
ioutram6g,kdunwoody6g@123-reg.co.uk,EgVdBI
praddin6h,obudleigh6h@abc.net.au,QGDvfHRXHrB
qsparrow6i,gmattiessen6i@webnode.com,dwx3jeLec
ydedrick6j,nconnue6j@apple.com,IRY9hD9GuObS
ddaniele6k,tahlin6k@businessweek.com,VPAZBGbUvsS0
mstamps6l,maugar6l@w3.org,VbDR9qvGKLT
alevens6m,fboast6m@npr.org,dKVWHxQbr
dradwell6n,dmclarnon6n@github.com,QMR6MU3Mds
vquartermain6o,ebithell6o@slashdot.org,LMryDXeI3uR
cwittey6p,qchattelaine6p@jiathis.com,iQn4HQugOuy3
mhaughton6q,astrain6q@cornell.edu,GlYAwNez
bbennitt6r,zeadmeades6r@ibm.com,Vnhj47n
rpateman6s,ralves6s@cnet.com,mdwerj
pmont6t,dcooney6t@gnu.org,h623xmB
grichemont6u,ddeppen6u@squidoo.com,hfCrNNY
kgravenall6v,lpinchon6v@nhs.uk,dkPO4t50EFAw
iyantsev6w,qmaren6w@diigo.com,qX9mQcE
aabbitt6x,shirth6x@twitter.com,Gx38qgwR
aketch6y,lline6y@blinklist.com,fNGQSn
sgoodship6z,gfarnham6z@sciencedirect.com,VGsVt33s7
lcahey70,rmccaffrey70@ycombinator.com,q0Pea5VF
ygatsby71,sperrins71@washington.edu,qfOuReN2M
jtompsett72,aprinett72@com.com,TAorCuZ
rlegonidec73,jblaver73@wikipedia.org,PFDnJEVvfgz
psollner74,oadshede74@nba.com,xMpPlZ1LrMNO
kdunridge75,jheadington75@squarespace.com,xntF2JmP
wdoumenc76,mdorgon76@reverbnation.com,UOlU9pFIKE
bhalwill77,tcarsey77@cnet.com,TaLI5oQoUP
wolyhane78,sdurtnall78@skyrock.com,AYuu4c
ldollard79,cstiles79@xing.com,rDwZl0XBqF
tmanzell7a,cclover7a@list-manage.com,MBTmdrGqQMX
calvey7b,ptomala7b@blinklist.com,8C383uRuJdXv
sheffer7c,dgirauld7c@bloglines.com,ImO8wqP5BNI
lgrimsdale7d,kambrus7d@tmall.com,Hwa81zT
lbruggeman7e,edanilenko7e@imgur.com,cw7MsCfh
wdorin7f,msenyard7f@harvard.edu,Nrtp44
lranscome7g,wplan7g@craigslist.org,Sdn2wZV3iL
rpitcaithly7h,wtomeo7h@elegantthemes.com,efKNdlXyG9j
pcoaten7i,csallans7i@gizmodo.com,XRvqfi7PfoAh
lfroom7j,mhing7j@yelp.com,91bVwCd
bfrancklin7k,omacneil7k@mysql.com,KLrLejl6
kwhitlock7l,lhazlegrove7l@pagesperso-orange.fr,RQGxiA84KhmK
rwebben7m,teaden7m@reverbnation.com,pqd4V4uRT
gcorness7n,bklee7n@huffingtonpost.com,RAeu5R32HFUo
styne7o,ehinder7o@zdnet.com,qebmZfv1
fbodocs7p,jfretter7p@dyndns.org,mdIaxUL7
jpolleye7q,kcliffe7q@marketwatch.com,HFO5RpJ9YMD2
kcund7r,pforber7r@nymag.com,8cq78x
abardill7s,lmougel7s@army.mil,69VBThjtxuH
akruschov7t,mpatman7t@twitpic.com,ss9tciG7LqoX
dodams7u,lbiskupiak7u@cbsnews.com,1QPhHG
dcressy7v,gtarbox7v@skype.com,psfEwaVGx
marlott7w,wantognetti7w@360.cn,Qj33obr361l8
cbaress7x,twindrus7x@hubpages.com,W1Atok8Zi
bmatzen7y,mshurrock7y@mashable.com,EEonLqTZ
dranstead7z,mbedberry7z@dyndns.org,sZiqCSoj
sleving80,ldavidi80@gizmodo.com,glS5U5KFsYhc
bhavard81,tsplaven81@hp.com,4PLb2wEZaU0
krosingdall82,lbraybrooks82@zdnet.com,CZ7aHgQ
cstonebridge83,wliger83@hugedomains.com,tUL5g3OVqEl
jgander84,bvereker84@dell.com,gqmbKU
dbrake85,rstivani85@odnoklassniki.ru,8VRvRmdzx1
mhovell86,prayworth86@chron.com,DqosB2wkjC
bsimenon87,dpawle87@sourceforge.net,2L3jWNSxcY
mpetrovykh88,lperryman88@storify.com,Gq4afYa4u7
rsains89,acaberas89@telegraph.co.uk,9o9IIY
eevemy8a,pdesquesnes8a@goo.gl,PInl0caY
abarlthrop8b,dchantrell8b@domainmarket.com,3ppF9HUuylj
khathaway8c,hgallager8c@fc2.com,Z9OP8g71o
eknowlden8d,ddepaoli8d@upenn.edu,YSAQt0J
bchotty8e,akidston8e@unc.edu,20Q1uThFGu
mcare8f,anobes8f@mozilla.org,00aLG1wRwT
aboner8g,kcorday8g@imageshack.us,PPpjuuoi8MjO
lbare8h,cfurby8h@discuz.net,FoVypta4Q8
pkamiyama8i,cgeeson8i@wikia.com,XfqqCA4rD
dsutherland8j,djimenez8j@bloglovin.com,nb9taKK5ZPBk
jeger8k,sbowring8k@ow.ly,pmb2Lru
erobertson8l,fdumini8l@godaddy.com,GMl7Cbt
dcorro8m,jtorbett8m@hhs.gov,stfI9mXzsDDK
afreddi8n,ecoldtart8n@theguardian.com,VyJJcSKA6g
jrandalston8o,pkrimmer8o@behance.net,iwZMEEd
ncrate8p,esoper8p@hao123.com,L7DDtnt
rtraynor8q,gwhittam8q@eepurl.com,FfmoezjlqnA
obarthorpe8r,opennigar8r@ucsd.edu,n8J99va9c7Ad
mmatushevitz8s,abagby8s@studiopress.com,CVzIupTh9c2d
rmcilmurray8t,rlouw8t@businessweek.com,Ek2dud
rveck8u,aspurret8u@dailymail.co.uk,dW9mym4
pspawforth8v,pmeeks8v@smugmug.com,FN8wjeDm1Y
sfriberg8w,zranns8w@unblog.fr,vsGRAef
cdoncom8x,llegat8x@cnn.com,ly6hKBSQ
hshields8y,okember8y@stumbleupon.com,Imbm63W
zdoxey8z,khearse8z@furl.net,1pQ8MHRs5m
mfaltin90,tmonday90@cam.ac.uk,rGMWEuksqB
hsimonsen91,dperschke91@livejournal.com,wogUzV2usvA
qcrehan92,scrudginton92@upenn.edu,FW1qOdXWf
bost93,ijakolevitch93@pagesperso-orange.fr,Q8xXuUxV7R
santosch94,bbareford94@weibo.com,hOWbjen1Y
gnesbit95,tthomkins95@mail.ru,DODXe6D
fcommings96,ehallan96@myspace.com,fMgNVsT7C
czukerman97,gyouens97@home.pl,PNd5aRVVQCXo
pockendon98,rwinspear98@comcast.net,MXDqpVDEoh
bmorais99,charley99@huffingtonpost.com,ygA0VxnGQ9
mmagog9a,rgrocock9a@shop-pro.jp,6HCzJL0VFAzf
wwhittet9b,dskoate9b@columbia.edu,HGNugylMUykl
gcestard9c,adicker9c@nba.com,GdcO5Ovv
kferries9d,vcuff9d@slashdot.org,Pd4UIj6a
mhindmoor9e,lsturman9e@unblog.fr,f9gikK6t
geggleson9f,asomerset9f@fema.gov,tunEQEcA1x
acamellini9g,kcrosier9g@earthlink.net,RsZOIkj
lponceford9h,cmckague9h@phpbb.com,bDe5CgQ
sbaitman9i,hpendry9i@unc.edu,dRHG87
komar9j,dackred9j@apple.com,sNAff8kL
fcarratt9k,dkordt9k@businessweek.com,3w7eiO
aklaiser9l,hmcaloren9l@newyorker.com,nGG0yzw0PbKL
cskevington9m,nblint9m@ehow.com,LEQhlo0R5Ej
qmowday9n,tbruggen9n@state.tx.us,3GwQqOSAeL6F
rmcquorkel9o,amccurt9o@sohu.com,Y3wlJ9
dfrancey9p,mgalier9p@eepurl.com,Z0jj83RQgFe
ddunbleton9q,gchucks9q@salon.com,tqE6ee3V
thache9r,wlampett9r@dion.ne.jp,YApFtNKeT
lbroseman9s,lriddett9s@bbb.org,qBOYkjpb
pcaslake9t,kaers9t@macromedia.com,fRAHH9zHVpSM
bhardway9u,bgresser9u@so-net.ne.jp,srbsG4I2M6m
jhyndley9v,awigan9v@mapquest.com,FsJCT4e
spatkin9w,chaug9w@sun.com,FKvZhX
sladson9x,abarthelemy9x@mozilla.org,fPdjGb6SWH2m
sswire9y,mwallbank9y@amazonaws.com,F89Nn5x3HSg
spennell9z,cmitkov9z@purevolume.com,rtF6t6Zv
bjanika0,fbasilea0@yahoo.co.jp,zH9XRvzFz
cwanleya1,ssirmana1@github.io,zfYyNwc
mpiperleya2,hlynda2@unc.edu,41a9xe
bmassimia3,bjoynta3@va.gov,mR9cLoZh
lklewera4,ssiblya4@samsung.com,xhHkl9P
kdummera5,creveninga5@scribd.com,AMK56lmpnjeg
tpepysa6,fhastina6@t-online.de,l6A1aBa
acurra7,jfaddena7@reference.com,yJktTvVH5N
hfassa8,cdedomenicisa8@blogspot.com,4eutRawB
sharlowea9,hnaisha9@instagram.com,Mww74I6qfX
rrobroeaa,egreenhamaa@xinhuanet.com,239OSwVyrUJ
padneab,gmagneab@jalbum.net,1H7JQ7Iwfnlt
jmerleac,cflegac@buzzfeed.com,Cb882CQCmRw
ahoulstonad,rwaleworkad@usnews.com,c3jvMxAA
mcollcuttae,jrippingae@g.co,H9KZ5EJ2
gratnageaf,dvasyaninaf@youku.com,vdWRY4
gsayerag,fgeaneyag@shutterfly.com,wxh6Iwl
ebeardwellah,mmaclleeseah@google.co.uk,T9t21Jkw5S5J
agrenkovai,sastlettai@feedburner.com,uVjnfkmf2H
kperrisaj,jcollieraj@ca.gov,fEjF2H0rCcYp
gbalbeckak,mgrafhamak@netlog.com,aWxC8NKE
eirvinal,sjoseffal@t-online.de,A2P0V1kqq
aknightsbridgeam,gpawelekam@globo.com,wSjkG1lk
jgodsonan,rleblancan@ucoz.com,PRFLxHeX
kcoulsonao,gtheseiraao@theatlantic.com,BrGgyTjTcx87
bcrozierap,doldfieldap@ocn.ne.jp,5zPkupNVa3s
mmarcusaq,uspurieraq@spiegel.de,5mcmWPl
dlafflinar,kmarriagear@imageshack.us,bxYFzh
tgedlingas,ipancoastas@foxnews.com,ZTyqRW9NgHL
dbonnyat,ahanselmannat@mac.com,qp3hOD84
ftameau,ecartmaelau@spiegel.de,tYml77
nentwhistleav,tcowherdav@icq.com,Z32KrldZGSt
mlanchburyaw,ddaviotaw@buzzfeed.com,Hdk0vQkpmt
fpomeroyax,vbeanyax@sina.com.cn,r14T7LbUnUnG
sgamlenay,ascimonelliay@studiopress.com,wBFaA2kUqxpY
tghirigoriaz,nliversageaz@ning.com,JLISmxnKo
nvirginb0,fbroschb0@slate.com,la6GZA
bpeekevoutb1,abremondb1@usnews.com,e324vo
astaitb2,wbeckb2@a8.net,tAyi1tHex6
locarrollb3,fczapleb3@paginegialle.it,Vd9g3IILoS
gblencoweb4,eattkinsb4@instagram.com,aU0M8dV
ahousamanb5,mdobrowolnyb5@cmu.edu,5DrMUPUN
qmacloughlinb6,rsnookesb6@imdb.com,Z059mid
vvarfalameevb7,rmcconnellb7@nytimes.com,cKUdAcxBB
rrosenhauptb8,ckirwoodb8@about.com,J5P7ALorX
bphilotb9,phathawayb9@jiathis.com,xK8lAQ9EAdM
cmacgovernba,eavrasinba@ftc.gov,D07xXqhP
mwormsbb,ghealeasbb@list-manage.com,4NfWmR01Gd
sshepheardbc,jcustancebc@foxnews.com,4YA1D3w
cbutlerbowdonbd,gpepisbd@java.com,nprgztjfXaG
hjahnkebe,abocklerbe@nsw.gov.au,AC9NK6cg
pbatropbf,snellebf@engadget.com,Is8wti6f3G2
sdeetlefsbg,bhaughinbg@rakuten.co.jp,C4vPoVNQ3
iwaberbh,ahoudhurybh@prlog.org,9tu8ab4U
bkilshallbi,cmcwhinniebi@ehow.com,cinplbsKi
hstoppsbj,ccheckleybj@goo.ne.jp,vqZVKgyA0D
mhanssmannbk,gmaccafferkybk@hexun.com,wQm9SXMXyPP
aaggusbl,bbriddockbl@imgur.com,ngiZza
kdewdenybm,gtapsfieldbm@yahoo.com,f7dgOQQka3Af
gfranciolibn,bprugelbn@typepad.com,vt2dA7b
dculkinbo,rrabjohnsbo@t.co,AC7VC7
relvenbp,iginnetybp@fda.gov,nq4IM5i
kgoribq,lroelofsbq@wunderground.com,T95bk6F
mfehnerbr,criddelbr@hatena.ne.jp,mEDQfeaW
vhabbonbs,khearnebs@answers.com,mhjVFZAOW
lslinnbt,kburchfieldbt@blogtalkradio.com,2LcDi5PsKUC4
ddadamobu,tmatussevichbu@google.com.au,64749vc
rfurleybv,fdowdabv@samsung.com,1R176k
tfoundbw,bpaddingdonbw@accuweather.com,KzTgqz6Q
lmorffewbx,nbasilonebx@dropbox.com,AoeAZM
amarchisoby,mragsdallby@usgs.gov,9Ln6k7U8lsxl
alashmorebz,dmuncerbz@jigsy.com,DjvmWrtqNIA
shuisonc0,bskeldingec0@un.org,Lyatvz08w
aluckcockc1,bfrankhamc1@webmd.com,kHhUP3A5p
nsenecautc2,sboundc2@irs.gov,H8kmPF
mgierardic3,lalbonc3@gmpg.org,Y49A6bZj3
dcupittc4,lpogosianc4@goodreads.com,JUcwR6wLIwaj
fventurolic5,grubinekc5@howstuffworks.com,GCnjUGJy3D8P
bwainwrightc6,rbyrcherc6@desdev.cn,X917n92J6g9S
ebampkinc7,lthurbornc7@nationalgeographic.com,UaLWKjpUx
tconersc8,ibarthrupc8@e-recht24.de,FHWTPdew9
bachesonc9,ecarelessc9@blogs.com,xX1pXCV
splaidca,gosgarca@mozilla.com,Srhs45FM
eferraroncb,acockramcb@delicious.com,V8wBXmW2fp
crembrantcc,joenecc@jiathis.com,7eBwd0N15Pox
fmacgraycd,hbangleycd@army.mil,JlnUrVVhYOI
ksterrickce,gkleebornce@cpanel.net,nw0TS2UPI
ddenecampcf,tgawencf@bloglovin.com,RGlVlhHw7Yw
bgathcg,dpaolonicg@posterous.com,Uhpqss6qN
siorilloch,lpiperleych@sohu.com,Qx6MBjdS
kgilliseci,cbeushawci@jimdo.com,ZnvqqfH0
cgorecj,csreenancj@plala.or.jp,pl07anXA
bgoodrightck,rtrightonck@twitter.com,6zjVfpvT1HX
dwoolstoncl,eblanchcl@vistaprint.com,9oGoh3PAvy
bsutcliffecm,lfeverscm@blogtalkradio.com,0gvtfYlXr4
llittcn,cpesekcn@deliciousdays.com,osqtyHA
smacdearmontco,pskoylesco@skype.com,nZvEGBwqkQS
lboatrightcp,lmaindscp@ox.ac.uk,YPiB47PC
hdeancywilliscq,jaulettacq@va.gov,Ajmua9g
isoppcr,duphamcr@acquirethisname.com,1Nbtbimet
gyeudallcs,lwisdishcs@github.com,bbkDBvLd3D
ewoodallct,mtourct@umich.edu,lB3C3K
twhiskincu,dlewknorcu@com.com,gYyV7SgWBDtR
dludycv,ejarlmanncv@flickr.com,M6okWrH1unI
cthorouggoodcw,bhallattcw@shareasale.com,f53f1YAryO
lnottingamcx,nspofforthcx@oracle.com,yRxWpEn5Cd
avanarsdalecy,rfrichleycy@dedecms.com,d1bfZ393Hzy
cstubbinscz,kshillumcz@bbc.co.uk,aevBu2Ad
cwoollettd0,jbarribald0@oakley.com,smOhNo2u8Z17
scockshottd1,ahectord1@sakura.ne.jp,79sbHm9o
abonifaciod2,vsetterd2@mashable.com,sj2pMohFI
slomisd3,dcheeked3@washington.edu,gJBKB0aSD
ffancuttd4,dconsadined4@cafepress.com,qgMPTPw4K6Do
jparmeterd5,gheddand5@wired.com,aLGHSwjDlUq
rwybourned6,lklossekd6@comcast.net,QtA7Q3YP
gdugalld7,mbrameldd7@multiply.com,aPkeqp
tlaughlind8,ofantoned8@salon.com,qqPv4gVv368z
emelsomed9,amacbethd9@typepad.com,v8xLvXuAp
kcapronda,otoppasda@imgur.com,p5Dn7l
bpeattiedb,dmulveydb@printfriendly.com,BHtOxf113ULQ
scrossinghamdc,ggellatelydc@si.edu,PYvBGHT1
eclandillondd,jlambdendd@prlog.org,u95e8WJgdZ8Y
apaskede,csimecekde@netvibes.com,urJqe7
pprendivilledf,ahaggethdf@businesswire.com,isLUVVF63lz
dkopecdg,gsebrightdg@phoca.cz,Sc26MnQrgBW
delcouxdh,wtorrydh@csmonitor.com,XDFZ4sVAXIzN
kwoolwaydi,sfaulkesdi@123-reg.co.uk,IZAeCps
bchadwyckdj,gambrusdj@digg.com,ILa6qF6n4m
sswabydk,jcaldecuttdk@ocn.ne.jp,xdlpQkiDijJ
dfaslerdl,lweatherheaddl@ox.ac.uk,ZOPeWTdksbFg
imiskindm,dcressordm@howstuffworks.com,d26QfIUZLN
vsalandinodn,beleshenardn@tinyurl.com,xhTJ4tP
ascuffhamdo,dmaclicedo@gov.uk,zPc46enEP2
davramowdp,ttoondp@exblog.jp,YudPVpCWNv
lstadingdq,srentallldq@techcrunch.com,NBEimPG
zshallowdr,ctrudgiandr@lulu.com,Gr4b8uWfDxR
bmerckds,wgoddingds@mysql.com,wVsaN32W7
cleipolddt,dlawrencesondt@t-online.de,82Shz1OanuZr
bjutsondu,nmorotdu@e-recht24.de,1GjBdQw31
sellsdv,lattargedv@blogspot.com,okrXF2Ei8N
elarivedw,ybrockiedw@tuttocitta.it,mGSfcgNKh
rbrayfielddx,pfagandx@reference.com,Ejxq9hLz0h
cflemmingdy,aweatherelldy@sina.com.cn,GN0xCpFP0
sbudgendz,cjancdz@gnu.org,0hlzO1GKM
bakerse0,bsalmonse0@cnbc.com,96Ksnof3i
tbotwoode1,rruppelee1@infoseek.co.jp,zVZYcnKnwlgr
ecotone2,lteeke2@webs.com,tDGlywfC
aharrhye3,cmacsharrye3@bbc.co.uk,8cvWkkwk
bpetrassoe4,ecrummiee4@globo.com,wu7ce4Z8n
bfarquharsone5,sgrattagee5@diigo.com,4Z1MJLWpkn
akilbane6,mesgatee6@auda.org.au,cIoKRad
gkeirlee7,jbunforde7@so-net.ne.jp,PKyMXy
cluckiee8,gjeane8@51.la,YKXOWnP
pleyese9,blangshawe9@unicef.org,3mTvEFCB6B
rclassenea,cinskoea@angelfire.com,qTX8Li7L
nmustoeb,vclemonteb@cnbc.com,mkbvjIG8oV
gcapelowec,ofaseyec@wunderground.com,ZCP6jC
iveaseyed,akulled@addtoany.com,GrEjOLd
pwoodbridgeee,nblackettee@unblog.fr,PGUroq
mkampshellef,bconeybeareef@wufoo.com,QJr3hHiKn55
hcarolieg,pstooderseg@com.com,Om64Df
garkelleh,bshepleyeh@theguardian.com,m1F8GF7
vpietei,lmcvaughei@dagondesign.com,BxOzLBF3
lgregoreej,dspensej@guardian.co.uk,pk0ER5etP
rparkerek,ghempshallek@unblog.fr,OpNQ3jFc
iaronovel,bocahernyel@cbslocal.com,cVkpxJT
cwealthallem,bescrittem@psu.edu,E38LrNiHT
hbergeonen,cbreslauen@salon.com,uRACQwd6l
zcelezeo,alabbeteo@cbc.ca,9cEnYAZ
jarnfieldep,amitroep@wunderground.com,ZqgH0Aw3
aseilmanneq,awoffindeneq@sitemeter.com,akLVDG3
ctapscotter,hredgraveer@soup.io,kvdxl0SvTj8
espantones,fparcelles@w3.org,mfuOvBCjXs0
bhalloweset,mpimlocket@unicef.org,WqELninHUSJ
mtremelliereu,ppollastroneeu@google.com,e1fpbq
fspraggev,mmurdochev@yahoo.co.jp,xYvDC70pBa
tstormouthew,ppiggotew@google.co.uk,hEloD1meUy
ebatieex,adominguesex@epa.gov,QNUpXHB
jyanezey,ffarleyey@ycombinator.com,2QjZmgI
acrichez,fgoatcherez@dailymail.co.uk,ylEVS36oFum
athackef0,aborthf0@hp.com,XdXQ42xEN
ltrowsdallf1,bmanssuerf1@ftc.gov,ITe3bcokU
hbruunf2,kshotboultf2@creativecommons.org,EaHcOnS
rcastelotf3,sbrinkmanf3@google.de,fh7SkdmtAQ
erumpf4,erahloff4@imageshack.us,yIAaQk7C
nmepstedf5,dgreberf5@tumblr.com,MQ3t6VP2A
ltremaynef6,kamsbergerf6@blogtalkradio.com,0IpmLIM8e0
iyeldenf7,hblancef7@shop-pro.jp,5wKZsuE
bjelkesf8,edreinif8@businesswire.com,nP9g0eHNkU
ygallowayf9,rleiboldf9@ft.com,78nEic08sqB
nivashinfa,gbroomhallfa@cisco.com,Rd7PPEyI
kmeakesfb,dcuttlefb@cornell.edu,4dft4He
plippfc,diozefovichfc@yandex.ru,ViqDEaleYc
hclapisonfd,vlarkkemfd@histats.com,o89lne1MCd
rdelaspeefe,awroughtfe@constantcontact.com,IXNHroXgIuS
dmenureff,cbiggansff@gov.uk,bTxFriZQHJ6
sgniewoszfg,walvyfg@fema.gov,lHrgu5W7S2
edominettifh,cconklingfh@statcounter.com,lAYqwBq
lseigniorfi,ngamlenfi@seesaa.net,FTZDuuooSi
dlawteyfj,ecolisbefj@domainmarket.com,pDmlnKmt
tdurtnelfk,kcellafk@jugem.jp,anyj5XjMwUK2
trollittfl,ctriponfl@jiathis.com,c8q8q4nZ
gburbagefm,sainleyfm@t-online.de,JVxK5W
jheinefn,rburdgefn@ftc.gov,j0l8cq
tschoolcroftfo,ugardfo@topsy.com,agRiXW
ytrottfp,psieghardfp@accuweather.com,NsPKtia
cbillyardfq,dstenbridgefq@sciencedirect.com,9XRHMhej
smeadusfr,chaslewoodfr@w3.org,w0tlR7J7fUV
esnellfs,rkoeppefs@chicagotribune.com,u3XhIyQvhGy
cartusft,tolderft@networkadvertising.org,PthQ2W
frennixfu,rtrusefu@unblog.fr,y7dOdrE6
hmaskreyfv,kcleatorfv@google.co.jp,TGdHZWtYLZPL
lsamartfw,ccurnokfw@reuters.com,58opsq
teunsonfx,scrippinfx@mac.com,rFyqmcmNP
emassowfy,mkainefy@ifeng.com,DFuUUYF
cpeabodyfz,vbresnenfz@deviantart.com,Nh9ruKg4vi
marnasong0,fphilippsg0@china.com.cn,aLJpPLOZfPd9
spankethmang1,gfonquernieg1@miitbeian.gov.cn,CHXvkMyZ6s9
ymarkieg2,svaldeg2@google.it,cHFBLOwwArH
asurgenerg3,jsebrensg3@shop-pro.jp,estacuqAnYZ5
droutg4,gramelg4@4shared.com,a1vBRpjvV4
fgoldingayg5,pharking5@weather.com,UJt4xLZiP2Si
mchevolleaug6,sasting6@omniture.com,CYCBbycZUQAK
fsterrickg7,gwhittingtong7@samsung.com,4ax5Ju7
hmcconigalg8,ihucklesbyg8@alexa.com,Q2M7in
ablareg9,ledwickeg9@bing.com,ydej0D
kmochanga,cchristoflega@admin.ch,6P4RlV4urP1
vkitchinghamgb,tmccanegb@google.de,DbAsx0IBRL
mhechlingc,bburnellgc@domainmarket.com,tmXVIEJ
rrasegd,eflintiffgd@mit.edu,MDhFM6KcFS
rmurkinge,aleaneyge@nih.gov,HNs72bq
bgriffithegf,epickburngf@epa.gov,WoGCWt
sjakawaygg,ktudgegg@phpbb.com,lkUxY6tB
tmockfordgh,acottegh@geocities.jp,QEix925t56m
cjacobssengi,btimoneygi@trellian.com,34TLl32
cgoodbodygj,lswallwellgj@cnet.com,hIJksEpawk
mmcentagartgk,hbarringergk@php.net,aOXMh2kkbsv
ghumangl,tlyvongl@myspace.com,0EY5yx
mwickmangm,avanhesterengm@godaddy.com,h1qs6KuOg
ridalegn,ndonavangn@instagram.com,SIynYuT85tZO
dgoftongo,nlearoidgo@si.edu,kiXx5WNJiZ
rfrapegp,shovellgp@cbslocal.com,GbH1o7
thacquoilgq,fturfreygq@intel.com,L1vhi8DAK
tburnelgr,arangeleygr@altervista.org,JM5qf7
oguivergs,mheskings@ycombinator.com,dfWqsFVlQA
pbattlestonegt,bhaffardgt@netlog.com,uX8hhxK
dwhileygu,rbradygu@biglobe.ne.jp,spvxYhzhLYQc
bolunneygv,sgregsongv@over-blog.com,ZIJYD3rtiCsd
glemmergw,glouisetgw@miitbeian.gov.cn,uYDZ9IxZZEx
pchennellsgx,lmityashevgx@home.pl,7io7hacYN
galcidegy,centwislegy@webnode.com,quQslTt
pciccoloigz,astannersgz@arizona.edu,KoB3Wyz
lfowlsh0,shayhursth0@alexa.com,GfLK4ilv6V
alambornh1,jlearnedh1@sakura.ne.jp,sVcdQf5
fmcknielyh2,llamballh2@free.fr,mbtldNV
idietmarh3,gcrabtreeh3@etsy.com,SbUvqvPJ
halexsandrevh4,rhonnanh4@a8.net,ZCpke3
pluckesh5,sdarrigoh5@wired.com,oIttBVO
dgreaderh6,evanderhoevenh6@chicagotribune.com,1GlpcSscc0
mcreminh7,gcowardh7@purevolume.com,VktCxzQd
tblackmuirh8,gescheh8@vk.com,NqClIe39
bkobierrah9,romarh9@indiatimes.com,QbTAu9aLTGyI
cgarthsideha,isparrowha@gov.uk,TQ5gW1pHS6wT
kbourhb,urelfhb@army.mil,EPbiXeLEE6w
amontaguehc,gtourryhc@ed.gov,Ob61vEUZP
cbestarhd,jpaulitschkehd@behance.net,XkRiTKVMX58
sfilippovhe,tmcaughtryhe@hatena.ne.jp,SCu3Z0xNXd
rswanehf,clongfuthf@zdnet.com,vmNLf18V
gletthg,jgligoracihg@list-manage.com,RrELHLwd
etutchingshh,gthormwellhh@sphinn.com,RFxJbx
rstaithi,hpeniellohi@nps.gov,Hg3Ed4qnIvoo
jwestwaterhj,kconstancehj@domainmarket.com,lrB8m79GeNor
awillardhk,mfrankcombhk@ihg.com,IM4E1541pW
minstonhl,terbhl@cam.ac.uk,mCeMdBr
lgontierhm,cmcraveyhm@wired.com,YeZKZOv
ttanguyhn,cmclugishhn@printfriendly.com,MIFityY
dkirkwoodho,efriseho@123-reg.co.uk,vmZyCnzUmY
kgehringhp,epolinihp@opensource.org,fjTgMuliQ
bishchenkohq,kossultonhq@cbsnews.com,Ut1PacfA5D9
ageallhr,lgrigolettihr@admin.ch,rwCKmk4Y1L
jguesfordhs,fgirathshs@theatlantic.com,a9EH6TUMDTJ
abertlinht,agergeht@stumbleupon.com,ZcQWEmNM6
nlishu,bsixsmithhu@oakley.com,djOFKEj
mschuttehv,dlampehv@webs.com,paRGZQTNZ
eboheahw,dtidburyhw@sourceforge.net,4Ol52wHeSSY
ftomlinhx,slillemanhx@alibaba.com,0SCY9lHZV0HX
gmalkiehy,kguidenhy@rambler.ru,IU5kgVa
stinerhz,mtuminihz@wisc.edu,lWQNulLEh
abrimmingi0,lseilmanni0@webnode.com,cxXND937y
mhansardi1,slambertciorwyni1@sina.com.cn,DegYWmoT
mnorresi2,dibbetsoni2@cdbaby.com,npAhkyB
amogridgei3,aganningi3@posterous.com,Tuu3PKNFfSus
ppepperralli4,kfrisbyi4@disqus.com,Onn3RJwwGs
gcutchiei5,bsmithsoni5@independent.co.uk,tfxUOWSN
eclacsoni6,kcrosswaitei6@lulu.com,4PJFLdcMsq
agiffauti7,hdoogani7@purevolume.com,p99NTBN
wroblini8,cglackini8@arstechnica.com,7CiO4d
mbrislani9,slabai9@google.fr,jjm9RzNf
selcombeia,arimouria@tmall.com,FicChu3c
asimonciniib,bfassib@exblog.jp,6wnVQRLq
umccorryic,dfritcheic@soup.io,CwwqR6N6
bweirid,wtabrettid@about.com,mm3onG9Cx
wborsnallie,saupolie@si.edu,VV3pJLSJu
rsladerif,jdowdif@parallels.com,s0O4anA
lhuzzeyig,fburthomig@stumbleupon.com,MXJRkzIhaya
etremellingih,spaddyih@springer.com,AyOApvvZuAEv
lcrissilii,cburneyii@ebay.com,T1PgKtS
loffinij,kquayleij@howstuffworks.com,maSdUSpDrjPe
kproschekik,btibbitsik@ustream.tv,hhPj0VIHeZw
bhalvosenil,acausieril@reddit.com,4mnUiA82Cp8q
wdimeoim,fbrunigesim@bluehost.com,jXIUB04unuJF
lcollmanin,jabrahamsohnin@icq.com,4EMP4O
gbakerio,hlaunchburyio@blogspot.com,3rBUzPjVFht
elinacreip,abywayip@tinyurl.com,s79X0aV6
hlangrishiq,pfandrichiq@about.me,XwJvU0G
cluxenir,arumpir@macromedia.com,Qa7bLzi0K2lu
alinekeris,blantaffis@facebook.com,EvE1n2JqH
jbinehamit,rmarchenkoit@homestead.com,rZ2ee1F
ntullethiu,gcrafteriu@cbc.ca,yKoyvS
cspearmaniv,lmccullouchiv@photobucket.com,8zzH1Sw4Jq5
mpentonyiw,hmaseykiw@zimbio.com,VG2SnRd
enixonix,htremolletix@symantec.com,162f6uySbH
lgudgeniy,bboswoodiy@ftc.gov,STrSbpXqCGn
celiesiz,hdecazeiz@tmall.com,OVm6Gcm
lkoberaj0,bsahnowj0@wordpress.com,vOmvw67n65S
gwythillj1,wosbistonj1@bandcamp.com,yYbJDV0zCM
abrunnerj2,ehewinsj2@constantcontact.com,Jfn7WsY9mJVu
jchidlowj3,ddanielsenj3@timesonline.co.uk,saRjse9
scarlemanj4,nwalduckj4@boston.com,ZcalifWVrSYG
astrippelj5,cfissendenj5@acquirethisname.com,imA9AO
rrostonj6,lbrotherhedj6@reddit.com,z8Hshj91ta
rhouldeyj7,vhillanj7@diigo.com,hF0m5dWOXv
klavarackj8,bmckirdyj8@sakura.ne.jp,XomqtRRmw
quphamj9,hwindaybankj9@hibu.com,EBRBvuGi
apettifordja,itremellanja@csmonitor.com,FMf0QFxldpf
ibaintonjb,gmacfalljb@51.la,yVNUDX2pk
kheidenjc,kchestnuttjc@mozilla.org,mCaIbvOh0m
mfloryjd,ezammettjd@dailymotion.com,mtsf9k2HHVV
bcallearje,pmerryje@globo.com,TLBhddjIv
ehamnetjf,bbelamyjf@weebly.com,UhPXpZVpiV
mmcguggyjg,tdodingjg@drupal.org,kXFJzhMQP
binkpenjh,malanjh@surveymonkey.com,69IghVXxe
proebottomji,mpawelecji@usnews.com,ZBDlVm4
bsheardownjj,hfrancescjj@yellowbook.com,Ntj9DXoa
jskellingtonjk,nconochiejk@i2i.jp,QHCIze2b
cduinbletonjl,pmaestrinijl@mail.ru,MgRcHsouzBN
agibkejm,aharknessjm@squidoo.com,HQ2OmFrZAuE0
sjuliffjn,cdouthwaitejn@home.pl,smOVgSLdh
hwagnerjo,smaharryjo@scientificamerican.com,zRJRl9qUo
sladsonjp,spettitjp@webeden.co.uk,yqycHd
cbottjq,mferojq@wordpress.com,yGBS95h
gclucasjr,mbaumadierjr@bloglovin.com,LXvaqS
dnicholljs,eoseltonjs@people.com.cn,rYjMKj0PMp
mrockcliffjt,btwentymanjt@mysql.com,Ky9EwjG9S
ktemplmanju,ahaugenju@indiegogo.com,b5UKBNaCrD
ksheldrickjv,fmcelweejv@alexa.com,gj4rVgXURnUH
gmerringjw,voddeyjw@aol.com,6letLRrY1WU
phuburnjx,mchattertonjx@blogger.com,MjwGzQDp7A
malbertjy,gpandiejy@wired.com,kpWKFNaxWf
enottinghamjz,rsergisonjz@canalblog.com,b0lSPO
lbrokenbrowk0,gwigzellk0@nature.com,II6MH2
iblackshawk1,ethayrek1@unc.edu,N5YjXfFW
mbarnfatherk2,ssewellk2@de.vu,uqEvAz
jrodolphek3,gfloreyk3@themeforest.net,gi7IxX
whunnicuttk4,spasfieldk4@linkedin.com,6U4M0WPuBy5t
svollethk5,nfennessyk5@ning.com,Qdb15GNad
aceeleyk6,ballseppk6@va.gov,JcVvzL5
ahalsek7,mfeldonk7@bluehost.com,mXv4D9fVMB
ybeadlesk8,tkiffk8@nifty.com,G5IdLHiR
sczajkowskik9,scodemank9@cyberchimps.com,3cK5IThG
ncoshka,acorsarka@patch.com,CpC5l6my
eambroiskb,scranstonkb@sourceforge.net,P6lHRni
mstockneykc,averacruyssekc@blogs.com,hhZVvFz4WEXV
kmuldrewkd,ejaksickd@networksolutions.com,HZ2Vu5N5
kbowerske,cneildke@exblog.jp,OkB2jY7
aemersonkf,apaullinkf@wikipedia.org,QWFOtDfl
bschoroderkg,cwitheridgekg@hibu.com,1cjS84K4S
bdalrymplekh,tduckettkh@jugem.jp,ZZbMxg3
jcapounki,aholliboneki@jimdo.com,PRFODjqCS6M
dtrengovekj,rgilletkj@google.cn,R1OUWp
jbielfeldtkk,bbointonkk@alexa.com,hxIKGTyMoqF
esinkingskl,caudreykl@hp.com,970PJLs
fcroydonkm,kgandarkm@amazon.co.uk,s7tXTV1v
rwrefordkn,mconnarkn@barnesandnoble.com,AuYJJEd4YY
caggusko,rmyhillko@google.pl,Wl0sGI
nloreitkp,fhanckekp@tinypic.com,NXQbwnc
nlebossekq,vchaulkkq@mac.com,ZLJeyuE
rfleethamkr,lkempstonkr@auda.org.au,os5jcyLmb
cdishmanks,hiacovuzziks@nymag.com,8J5coeA
kmugridgekt,mhamnettkt@fc2.com,bAXW5o9vRzRR
gcudbertsonku,hrickasseku@bloomberg.com,fWbL7J
hcritchleykv,hdrakardkv@edublogs.org,p41qLz9xwS
khamlenkw,mlegallkw@multiply.com,rVbonVu3YFlN
wvarnhamkx,vpillanskx@pen.io,DQgMJ1c
dmartinsonky,abartlettky@g.co,3G6IMuGos
mcaneokz,zjanssonkz@adobe.com,f0gLODdNp
bgarmstonl0,fornelesl0@cargocollective.com,TPLBiiKD
ljoel1,eshaylerl1@dedecms.com,LFi8Ke
echappelowl2,blautiel2@dmoz.org,bwdJllgO
obernholtl3,jmchaffyl3@mapquest.com,LSJkBzuteZ94
olandyl4,scoeyl4@youku.com,Qxnpq2Bre
ohansburyl5,rpringlel5@tripadvisor.com,wACmlyPU
sduckersl6,bbeldhaml6@npr.org,AvOovT79
rbrabbsl7,ndenholml7@yahoo.co.jp,nCzn10h
ebaslerl8,mprobinl8@wikispaces.com,laMeoSp
mhaskettl9,vbellewl9@unesco.org,2a28nK1J7Bo
kspantonla,tkennellyla@hubpages.com,oIXNyTxZvM
sblencowelb,slurrimanlb@pcworld.com,7FnpsAkOtke
jmolesworthlc,ksutherleylc@cargocollective.com,WHI7o7r8E
ctemperleyld,tboulsherld@slideshare.net,hyQfCQ
nbessonle,dpriddingle@tamu.edu,FA7tOMK
fmelbournelf,hohmlf@gizmodo.com,My1Caax
krudolflg,dhallifaxlg@wix.com,TJjLsM5
chilldroplh,gborgarslh@amazon.co.uk,ZrrmvEwP
ffilipyevli,lbillingtonli@si.edu,OhidZOCfUdkb
aalibonelj,agippeslj@cafepress.com,0sHYRLxmMv3
jcolliardlk,mmacmichaellk@liveinternet.ru,8xeUUlg
dwiganll,isinderlandll@accuweather.com,t4oMG0GbTtY
agwillyamlm,bgrabertlm@imgur.com,SsOstv
mfieldgateln,afraniakln@narod.ru,21N1ADE3o
tyegorovlo,enaiseylo@freewebs.com,nDOula
wkohnertlp,rfrantsevlp@lycos.com,wePfIqR
fosesnanelq,hlacelq@weebly.com,7YMEzFS
kforthlr,mmackerethlr@webeden.co.uk,STntpWJ9
bwentls,smarlandls@si.edu,EwX6imK8F
mcatmulllt,myendalllt@ebay.com,S5lDKw1iYx
pspiecklu,fbarbricklu@wix.com,EPxQnSmj7FlF
rdelythlv,nbaybuttlv@lycos.com,dj2OJChJyOgV
wrowetlw,kkhadirlw@booking.com,KazfyAxEb4
abanbrooklx,spentonylx@wikia.com,i7WKi5c8Oez
tblunely,jvasyunkinly@t.co,PAgGDzkTV
cgledstanelz,vskippenlz@vkontakte.ru,p8BXR7
jrowbottomm0,maureliusm0@elegantthemes.com,Y1XGUX5gh7
lburrenm1,esinyardm1@google.cn,cW313Taa
gmealingm2,fusmarm2@trellian.com,S6t4lCFuj
mundrillm3,bgonthierm3@blinklist.com,VJwv30Xev
eledurm4,tmarjotm4@examiner.com,BarMG1
theditchm5,igittoesm5@mit.edu,6ebOwtyrsl
atorbettm6,aleroym6@ft.com,yfxJFH7Pe
sallabushm7,btargetterm7@discuz.net,LQXDTiMNJ8Zu
ytumultym8,ptaceym8@loc.gov,9yhkcTTqD
sirvingm9,bmatchittm9@google.com.hk,8JdCqSFKTSc
hgerrellma,bbreckellma@hugedomains.com,9jqRuQKQh
dladewigmb,saxtonmb@yale.edu,mouEp1ADfor5
gbickardikemc,ghennemannmc@paginegialle.it,tdmHWq
pbumfordmd,kdimatteomd@ftc.gov,XuHNGqjx
kdemannme,bprattonme@goo.ne.jp,evK0tUoe
asnodingmf,thaselupmf@trellian.com,LyPQs9n9bi8o
knathonmg,rstainlandmg@slashdot.org,mJcK6z5a
aswaffieldmh,tcrowdermh@weibo.com,CODREJw
fleipoldmi,tfrankcombmi@flavors.me,eI1CmG9X
jkisarmj,sturlmj@cnn.com,s6kRxuUWN
ccoverleymk,afyallmk@nih.gov,1IRL79
csqueersml,dbernardezml@arstechnica.com,GLADm1R7cZT
kkiffmm,acowthardmm@webeden.co.uk,hRClMCzI
gbrittlesmn,efeldbergermn@upenn.edu,d3XLcPa37KU9
wkrusemo,sroomsmo@hao123.com,2V2OhPnn
lfranzkemp,tcasebornemp@4shared.com,kK9PFLNTS
ewoodardmq,mclewleymq@e-recht24.de,smHJBuf0
smcauslanmr,bpoytresmr@joomla.org,gMT6p7Yac
jthorroldms,bpullerms@independent.co.uk,ofUnCc9
prismanmt,aholdemt@uiuc.edu,mh3N5abuQ40O
mmattinmu,dsandlinmu@jigsy.com,gYhpmTc
zwaszkiewiczmv,rdaubermv@thetimes.co.uk,whG0Hs5
craikesmw,lbudikmw@baidu.com,pwsdM8KwEI
skitchensidemx,bgooderridgemx@twitter.com,A34mqfV76t
jphetheanmy,alukovicmy@hp.com,mQblOwo
byerillmz,mmarrowmz@1688.com,09cJotq
rmichurinn0,udumphreysn0@4shared.com,WmEaGu0LInY
lcasinin1,kmoraleen1@statcounter.com,gahz5J
aaitchinsonn2,kcarnegyn2@hhs.gov,VTGHPc9b
cupcottn3,lshentonn3@wired.com,dCGj1Es0
vderhamn4,ephairn4@weebly.com,E3yFZIqddz
dhearlen5,sfinchn5@admin.ch,4TYPFGCIA
zwarboyn6,mbewfieldn6@omniture.com,tBECGR9iG72a
gscawtonn7,mkiralyn7@tripod.com,VNmmocNE
srunchmann8,jmargaretn8@foxnews.com,rGIMmi6gkVz
asheratonn9,rbrimilcomben9@seattletimes.com,vjrhis5AJE
jmouanna,wharleyna@trellian.com,4JabWvqgtofs
jvalslernb,gcloughtonnb@technorati.com,MNW13M
khaythnc,agoodliffenc@altervista.org,TeKIRsPjVLe
llabatiend,lpolyend@odnoklassniki.ru,yHs2ugt
iboddingtonne,alettyne@answers.com,W4uXE0vZfMQ
mliveleynf,nabbatininf@nydailynews.com,bwrspEu7t
bdicarling,fcarnegyng@cornell.edu,NXZ6aHJPD
jkleanthousnh,jreggionh@cisco.com,25fH4GWMXAz
dspondleyni,mpoonni@baidu.com,4zEQYcPEl
ctivenannj,ttorrancenj@dedecms.com,Kcj3um79vI1Z
jterbruggennk,cspatignk@seattletimes.com,YRM0EX
mpittsnl,ewaliszeknl@rambler.ru,ksgcIaFvdlme
dcatlinnm,cmanghamnm@statcounter.com,i0lOxMRV
asteketeenn,jhiggannn@state.gov,YKJsyd
sfenimoreno,ewrathallno@irs.gov,skjlpnaMn9J
igilbanknp,lrustenp@indiatimes.com,DQSPgKRnI0zN
kneatnq,cbeasleighnq@miibeian.gov.cn,pNyjFiwDoX
fwyldesnr,ptilbynr@acquirethisname.com,NP6py58
cmattosoffns,rsalvatins@dyndns.org,AQxNUmK2TA78
akemittnt,hheatlient@acquirethisname.com,nx5zmpiOD
abuckellnu,crobiotnu@uol.com.br,0NzKDmzz
livanchikovnv,cfreednv@earthlink.net,Tj7y4Ojf
reaklenw,mperviewnw@wufoo.com,mnr3swuT5SPE
lpalphreymannx,bmckeurtonnx@dion.ne.jp,rMAIeYBLkg8
bdannettny,dshovelbottomny@yolasite.com,2KiVGN5VeTEI
dterrillnz,zscoulernz@arstechnica.com,meYf4ph6pQ
rdaughtryo0,astanhopeo0@lycos.com,jenTh3aoQX
rbrotherwoodo1,gghesto1@rakuten.co.jp,PvXoBEdX4ZKi
ekimmerlingo2,emckerrono2@psu.edu,dyoAHb
clythgoeo3,vselcraigo3@etsy.com,HnsHIuP
cpiwello4,icrowtheo4@vkontakte.ru,EHqUdap
msalmondo5,ekohrdingo5@bravesites.com,Ppmjqug1PT
aashenhursto6,nblankingo6@nydailynews.com,AWwtVjJAy
rbellhamo7,fphilliphso7@bloglovin.com,mROeoY3
fcammomileo8,ndowdneyo8@reuters.com,QhqpW26Aa
matkirko9,ssegero9@yahoo.co.jp,BRQHZW1HHxAt
jronaghanoa,lmcdermidoa@edublogs.org,3td8yu
jgriffeob,kcrooseob@unicef.org,j4e1PYH
dstaubynoc,nhazeltonoc@list-manage.com,GA3X3Mpz
cfountainod,iheadod@blinklist.com,XgyuvorSitP
rwigleyoe,rbarkeroe@dailymail.co.uk,dBc875x
bdungateof,mfetterplaceof@google.com.hk,bk9GLv
lseveryog,wwoodvineog@devhub.com,bct7sD
vstewartsonoh,esaltsbergoh@google.nl,E7v3zUQwNz
cgoodliffeoi,khugeoi@princeton.edu,LByvvld
eduffettoj,acamolettooj@mit.edu,5ioeSBkJWue
rdacheyok,kincognaok@kickstarter.com,cIGdCZ7W
cmuntonol,vcabraraol@desdev.cn,HSp6NS4lj8
gzorzoniom,jvogelerom@shareasale.com,BY25g34q
vstobarton,sundrellon@reddit.com,0vEzOw1
pbartuloo,mcamseyoo@netlog.com,2lhuaeZ
cpedlowop,sadhamsop@wunderground.com,D7JwsLfV
vwarneroq,bgalfouroq@nhs.uk,nQMPx5Dnjxcg
rwescottor,apadburyor@zimbio.com,zgy6dc
jchatersos,dtrippettos@comsenz.com,AJ3xehR4g
bmadsenot,kwakelamot@myspace.com,SCL3QYTjSGJ
jdundinou,kjindacekou@answers.com,IrANAPNjXqL
npimerickov,wpinchesov@time.com,lXlJnZ6a
aprettejohnsow,sjorgerow@wikia.com,T0GUZdVn
ofouracresox,mbantockox@jimdo.com,bfwUTTdVL
musherwoodoy,jboothmanoy@ftc.gov,ocnfh1
cpozzooz,bvickeroz@reference.com,Som0EN1b
byeolandp0,egodfroyp0@typepad.com,Hfr1QjtgRgQl
jchoppenp1,vfitzsimonsp1@ca.gov,rHVVG7
mbudnkp2,fdingivanp2@independent.co.uk,MZbGXBOrYW4
afairestp3,wruitp3@unc.edu,lxx1uhuLJS
whurnep4,mleblancp4@nps.gov,dZQFIo
dgeorgp5,wargonttp5@wikia.com,EOLEtLxUOm
flavalp6,kboustredp6@hc360.com,piSIAVWxD8x
vfellowesp7,lcoronadop7@weebly.com,1PzNYMBqmR
pcouvesp8,yshurmanp8@addthis.com,5sUZTM
rbroadberryp9,rchidzoyp9@quantcast.com,7oZI2uT
kpalffypa,ajorckpa@friendfeed.com,gWwOEKTP76X
vorsaypb,aduddingpb@discuz.net,UUBjjmq
craperpc,cjiraspc@msn.com,40ZRfBp4KbU
rdelepinepd,kbeneditopd@cbc.ca,j9CvIJ
njouningpe,nfavellepe@miitbeian.gov.cn,0rpXlzEKtjQ
ssarfatpf,mibbetsonpf@meetup.com,wJWlyzPJ
msperskipg,kagnewpg@newsvine.com,09lAQ0M
dcocktonph,fdrawmerph@github.io,UZlkzLM
sphytheanpi,tmcinilitypi@t-online.de,IEpLWseE
mcricketpj,fgoodburpj@ucoz.com,eMCHPb
relampk,jaleavypk@networksolutions.com,gY4LXM9gix
shantonpl,aallixpl@wikimedia.org,5968Ry
cmiebespm,nlubbockpm@cargocollective.com,Cay6UpBsZ
aseilmannpn,adumbartonpn@about.me,14FQGhnteU
imiddlepo,mmencopo@google.co.uk,iVNtUioTB
dkewzickpp,cfairlempp@google.pl,zayvjczW
singerfieldpq,dbackshawpq@about.com,3Yhkb4f9J
bcrombleholmepr,fbrewardpr@nifty.com,leZbUI
boscandallps,jguierreps@bigcartel.com,mPzCzPTZp
bbromehedpt,karmsbypt@hexun.com,G2520eH
whanespu,apullpu@paypal.com,YjcuHj
sjuarapv,nnunnspv@usa.gov,hLa7KCS0sZxf
fwhitehurstpw,vpartingtonpw@mediafire.com,ag032A
fhuffapx,jshielpx@sakura.ne.jp,jTumbvF4
etomalinpy,rjeandonpy@paypal.com,IaUTJYQfU5
csebrookpz,ctreacepz@newsvine.com,Oi7mNo
mputtq0,chillabyq0@de.vu,WQ6SGx
cclohiseyq1,bknottq1@tripod.com,bBO0TdCPe62f
crowberryq2,cmcwilliamsq2@redcross.org,qYzEtABaiFS
hbrimmellq3,flippielloq3@vinaora.com,eptctU2cE0
brenalsq4,sbroscombeq4@friendfeed.com,iarEBPWoc
ppitoneq5,jdinnegesq5@google.es,NxW9RYL
kturevilleq6,jgurdonq6@cpanel.net,AyomNMUXhZo
kleahyq7,gkimmittq7@sourceforge.net,oRnkCSk1Yq
wcattrollq8,efaustianq8@patch.com,J9IQzH
dsmallthwaiteq9,hyoudq9@nba.com,brVcwnpGY
elambisqa,csallaqa@webs.com,6vnJC5zNPECl
hduffitqb,qschulkenqb@jalbum.net,bcv40SeIDvKo
mgrayqc,kdacombeqc@instagram.com,WGQQm9N3B
iniavesqd,adeguiseqd@cdc.gov,TS8tpqH
memblingqe,ocornbillqe@boston.com,HYvY6bQ
awoollendsqf,alindenfeldqf@fda.gov,bFcaOnzO1JV
nlumlyqg,mpizeyqg@arstechnica.com,psZbSISg5u
bwarmishamqh,fleppoqh@multiply.com,POgqiHJ
ocuellqi,xgilleanqi@unesco.org,49HFNGoE
ecopinqj,cantonchikqj@tmall.com,h0DwPL
eheeksqk,hbeinqk@bandcamp.com,YrByWUkWXn
agloucesterql,jlittlefieldql@github.io,TBA8h49Q
ywesleyqm,lseviourqm@naver.com,65ORvLJSYJn
feaddyqn,achangqn@mit.edu,U7Nrss
dosgarqo,wancketillqo@paypal.com,mgqXOpZu4sc
abrotherhedqp,ecawseyqp@artisteer.com,liR3go1
imilazzoqq,rfouchqq@google.fr,OVJEf3OUn
mspacyqr,kwaleworkqr@e-recht24.de,UDY3iz
dcokeqs,cheadingtonqs@usgs.gov,DFMb41d
tmaskillqt,gcoryqt@census.gov,BA9o8Gf
hromeiqu,miaduccelliqu@is.gd,rSvtX6F
cbartulqv,eclemmittqv@hhs.gov,ZdDh6Rw
jbrannqw,lboothqw@miibeian.gov.cn,dYRpyAV
kpoolmanqx,gbellinghamqx@last.fm,2H5iZefc
rclymoqy,epantlingqy@goodreads.com,6ZrpaVzj
craulstoneqz,ifolliqz@moonfruit.com,9v3gXFMJJP
kclericoatesr0,tkydder0@nature.com,N1SYjz
lbrafieldr1,mmizzenr1@spiegel.de,8QpxpdtWV0
lviller2,rerettr2@amazon.co.jp,UDXQOES
aseakr3,fclampr3@gmpg.org,olfZUxSWPHM
aschimpker4,udryburghr4@deliciousdays.com,1ZQayn5
jevettsr5,csothebyr5@addtoany.com,5srT30ifnDlv
btatumr6,atrenfieldr6@plala.or.jp,7XUYIHy
ulaurenceaur7,kwithamsr7@yahoo.co.jp,0YV3Heto
peyckelbergr8,gwalczakr8@sfgate.com,R2Chgk8FoC
kgrealeyr9,alecountr9@multiply.com,BXPKnoh
imollisonra,cmashamra@facebook.com,pDnFl0q8Zmq
jsowterb,bboschrb@jiathis.com,lmc6zIhU
lusmarrc,waggsrc@51.la,HDqRhvoV5
lowtramrd,adeblasird@huffingtonpost.com,fzSrx8rh
abockmannre,ibatistellire@tmall.com,LsPFaLF3HeD
abylesrf,adavidescurf@earthlink.net,6Ok4Nix
sternouthrg,dcostarg@youtu.be,uVrHTC
awellenrh,pconstablerh@themeforest.net,IqRRqhAeAFZ
bgodardri,elistri@weibo.com,Sy2vroN
cmugridgerj,idiwellrj@cbsnews.com,hI7B5iOKx0
qfarmerrk,lmaddierk@salon.com,rNemkPz1xh
tkampshellrl,mkettlestingrl@163.com,PuzBDVitQ
egillfordrm,iphillerrm@feedburner.com,unGrJXmLVv
bganifordrn,zmariansrn@goo.ne.jp,7LVwbOh
gspreyro,lperlro@privacy.gov.au,nSJsLsO3qUm
jhickinbottomrp,colivierp@canalblog.com,4NtusXq4If5
awildgooserq,psoutarrq@soup.io,53UJyoE40
jaspinrr,cstedallrr@ehow.com,mfPa1OdhAL0
